<?xml version="1.0" encoding="UTF-8"?>
<project-private xmlns="http://www.netbeans.org/ns/project-private/1">
    <editor-bookmarks xmlns="http://www.netbeans.org/ns/editor-bookmarks/2" lastBookmarkId="0"/>
    <open-files xmlns="http://www.netbeans.org/ns/projectui-open-files/2">
        <group>
            <file>file:/C:/Users/drowc/OneDrive/Documentos/NetBeansProjects/PSP_HLC_04_Grupal/src/psp_hlc_04_grupal/Model/Clases/Alumno.java</file>
            <file>file:/C:/Users/drowc/OneDrive/Documentos/NetBeansProjects/PSP_HLC_04_Grupal/src/psp_hlc_04_grupal/Exceptions/ModificarAlumno.java</file>
            <file>file:/C:/Users/drowc/OneDrive/Documentos/NetBeansProjects/PSP_HLC_04_Grupal/src/psp_hlc_04_grupal/View/ventanaVisualizarResumen.java</file>
            <file>file:/C:/Users/drowc/OneDrive/Documentos/NetBeansProjects/PSP_HLC_04_Grupal/src/psp_hlc_04_grupal/View/ventanaVisualizarDetalle.java</file>
            <file>file:/C:/Users/drowc/OneDrive/Documentos/NetBeansProjects/PSP_HLC_04_Grupal/src/psp_hlc_04_grupal/Exceptions/CommonActions.java</file>
            <file>file:/C:/Users/drowc/OneDrive/Documentos/NetBeansProjects/PSP_HLC_04_Grupal/src/psp_hlc_04_grupal/Model/Clases/Asignatura.java</file>
            <file>file:/C:/Users/drowc/OneDrive/Documentos/NetBeansProjects/PSP_HLC_04_Grupal/src/psp_hlc_04_grupal/View/dialogAcercaDe.java</file>
            <file>file:/C:/Users/drowc/OneDrive/Documentos/NetBeansProjects/PSP_HLC_04_Grupal/src/psp_hlc_04_grupal/View/menuPrincipal.java</file>
            <file>file:/C:/Users/drowc/OneDrive/Documentos/NetBeansProjects/PSP_HLC_04_Grupal/src/psp_hlc_04_grupal/PSP_HLC_04_Grupal.java</file>
            <file>file:/C:/Users/drowc/OneDrive/Documentos/NetBeansProjects/PSP_HLC_04_Grupal/src/psp_hlc_04_grupal/View/ventanaValidar.java</file>
            <file>file:/C:/Users/drowc/OneDrive/Documentos/NetBeansProjects/PSP_HLC_04_Grupal/src/psp_hlc_04_grupal/Exceptions/MostrarDatosListaResumen.java</file>
            <file>file:/C:/Users/drowc/OneDrive/Documentos/NetBeansProjects/PSP_HLC_04_Grupal/src/psp_hlc_04_grupal/Exceptions/DesplazamientoListaDetalle.java</file>
        </group>
    </open-files>
</project-private>
